lang_key;group;key;value;
esp;common;enabled;Habilitado;
esp;common;disabled;Deshabilitado;
esp;common;id;Id;
esp;common;action;Acción;
esp;common;placeholder_default_text;Por favor ingrese {0};
esp;common;placeholder_social_text;Por favor ingrese la URL de {0};
esp;common;placeholder_search_text;Buscar por {0};
esp;common;select_default_text;Seleccionar {0}...;
esp;common;create;Crear;
esp;common;edit;Editar;
esp;common;update;Actualizar;
esp;common;cancel;Cancelar;
esp;common;delete;Eliminar;
esp;common;success;Éxito;
esp;common;error;Error;
esp;common;yes;Sí;
esp;common;no;No;
esp;common;fix_errors;Por favor corrige los errores a continuación.;
esp;common;cancelled;Cancelado;
esp;common;pending;Pendiente;
esp;common;paid;Pagado;
esp;common;completed;Completado;
esp;common;save;Guardar;
esp;common;all;Todos;
esp;common;name;Nombre;
esp;common;back;Atrás;
esp;common;max_amount;Monto máximo;
esp;common;date_time;Fecha y hora;
esp;common;select_time;Seleccionar hora;
esp;common;start_date;Fecha de inicio;
esp;common;end_date;Fecha de finalización;
esp;common;search;Buscar;
esp;common;management;Gestión;
esp;common;clear;Limpiar;
esp;common;date;Fecha;
esp;common;confirm;Confirmar;
esp;common;title;Título;
esp;common;value;Valor;
esp;common;add;Agregar;
esp;common;view;Ver;
esp;common;download;Descargar;
esp;common;total;Total;
esp;common;email;Email;
esp;common;phone;Teléfono;
esp;common;purchase_code;Código de compra;
esp;common;verify_purchase;Verificar compra;
esp;common;install;Instalar;
esp;common;installing;Instalando;
esp;common;updating;Actualizando;
esp;common;free;Gratis;
esp;common;domain;Dominio;
esp;common;verify;Verificar;
esp;common;send;Enviar;
esp;common;upload;Subir;
esp;common;view_all;Ver todo;
esp;common;unpaid;No pagado;
esp;common;loading;Cargando;
esp;common;update_app;Actualizar aplicación;
esp;common;welcome_back;Bienvenido {0};
esp;common;off;Apagado;
esp;common;on_create;Al crear;
esp;common;on_update;Al actualizar;
esp;common;on_delete;Al eliminar;
esp;common;demo_account_credentials;Credenciales de inicio de sesión de la cuenta demo;
esp;common;created_by;Creado por;
esp;common;import;Importar;
esp;common;file;Archivo;
esp;common;copy_url;Copiar URL;
esp;common;print;Imprimir;
esp;common;amount;Monto;
esp;common;status;Estado;
esp;common;active;Activo;
esp;common;inactive;Inactivo;
esp;common;verified;Verificado;
esp;common;configure;Configurar;
esp;common;logo;Logo;
esp;common;slug;Slug;
esp;common;description;Descripción;
esp;common;image;Imagen;
esp;common;address;Dirección;
esp;common;not_allowed;No permitido;
esp;common;details;Detalles;
esp;common;text;Texto;
esp;common;link;Enlace;
esp;common;start;Iniciar;
esp;common;stop;Detener;
esp;common;are_you_sure;¿Estás seguro?;
esp;common;basic_details;Detalles básicos;
esp;common;notes;Gestiones;
esp;common;more;Más;
esp;common;other;Otro;
esp;common;continue;Continuar;
esp;common;product;Producto;
esp;common;service;Servicio;
esp;common;export_leads;Exportar leads;
esp;common;message_history;Historial de mensajes;
esp;common;call;Llamada;
esp;common;campaigns_recycle;Reciclaje de proyectos;
esp;common;uphone_calls;Llamadas Uphone;
esp;common;email_history;Historial de correos;
esp;common;information;Información;
esp;bases;base;Base;
esp;bases;bases;Bases;
esp;bases;not_permission;No tienes permiso para subir bases de datos.;
esp;bases;bases_history;Historial de bases;
esp;bases;stage;Etapa;
esp;bases;new;Nueva;
esp;bases;reprocessing;Reproceso;
esp;bases;na;No aplica;
esp;bases;base_added_success;Base agregada correctamente;
esp;bases;required_fields;Campos requeridos;
esp;menu;dashboard;Panel principal;
esp;menu;users;Usuarios;
esp;menu;staff_members;Miembros del personal;
esp;menu;settings;Configuraciones;
esp;menu;company;Configuración de la empresa;
esp;menu;profile;Perfil;
esp;menu;translations;Traducciones;
esp;menu;languages;Idiomas;
esp;menu;roles;Roles y permisos;
esp;menu;currencies;Monedas;
esp;menu;login;Iniciar sesión;
esp;menu;logout;Cerrar sesión;
esp;menu;verify_product;Verificar producto;
esp;menu;modules;Módulos;
esp;menu;storage_settings;Configuración de almacenamiento;
esp;menu;email_settings;Configuración de correo;
esp;menu;database_backup;Respaldo de base de datos;
esp;menu;companies;Empresas;
esp;menu;campaigns;Proyectos;
esp;menu;call_manager;Gestor de proyectos;
esp;menu;email_templates;Plantillas de correo;
esp;menu;forms;Formularios;
esp;menu;form_field_names;Campos de la tabla de leads;
esp;menu;leads;Leads;
esp;menu;leads_calls;Leads y llamadas;
esp;menu;lead_details;Detalles del lead;
esp;menu;call_details;Detalles del contacto;
esp;menu;call_logs;Registros de contactos;
esp;menu;lead_notes;Gestiones del lead;
esp;menu;bookings;Reservas;
esp;menu;lead_management;Gestión de leads;
esp;menu;user_management;Gestión de usuarios;
esp;menu;lead_follow_up;Seguimiento de leads;
esp;menu;salesmans;Vendedores;
esp;menu;salesman_bookings;Reservas de vendedor;
esp;menu;messaging;Mensajería;
esp;menu;expense_categories;Categorías de gastos;
esp;menu;expenses;Gastos;
esp;menu;expense_manager;Gestor de gastos;
esp;menu;products;Productos;
esp;menu;update_app;Actualizar aplicación;
esp;menu;setup_company;Configurar empresa;
esp;menu;lead_status;Estado del lead;
esp;menu;categories;Categoría;
esp;menu;password_settings;Configuración de contraseña;
esp;menu;audits;Informe de auditoría;
esp;menu;export_audits;Exportar auditoría;
esp;menu;uphone_calls;Llamadas Uphone;
esp;menu;notes_typifications;Tipificaciones;
esp;menu;message_providers;Proveedores de mensajes;
esp;menu;message_templates;Plantillas;
esp;menu;email_providers;Proveedores de correo;
esp;menu;you_agree;¿Estás de acuerdo?;
esp;menu;formsUCB;Correspondencia;
esp;menu;correspondence;Correspondencia;
esp;menu;quality;Calidad;
esp;menu;search_lead;Buscar lead;
esp;dashboard;dashboard;Panel de control;
esp;dashboard;active_campaigns;Proyectos  activos;
esp;dashboard;call_made;Contactos realizados;
esp;dashboard;total_follow_up;Total de seguimientos;
esp;dashboard;total_duration;Duración total;
esp;dashboard;active_actioned_campaigns;Gestiones por proyectos  activos;
esp;user;add;Agregar nuevo miembro del personal;
esp;user;edit;Editar miembro del personal;
esp;user;created;Miembro del personal creado correctamente;
esp;user;updated;Miembro del personal actualizado correctamente;
esp;user;deleted;Miembro del personal eliminado correctamente;
esp;user;staff_member_details;Detalles del miembro del personal;
esp;user;staff_member;Miembro del personal;
esp;user;delete_message;¿Estás seguro de que deseas eliminar este miembro del personal?;
esp;user;selected_delete_message;¿Estás seguro de que deseas eliminar los miembros del personal seleccionados?;
esp;user;import_staff_members;Importar miembros del personal;
esp;user;email_phone;Correo electrónico;
esp;user;user;Usuario;
esp;user;name;Nombre;
esp;user;created_at;Creado el;
esp;user;email;Correo electrónico;
esp;user;password;Contraseña;
esp;user;login_enabled;Inicio de sesión habilitado;
esp;user;profile_image;Imagen de perfil;
esp;user;company_name;Nombre de la empresa;
esp;user;phone;Teléfono;
esp;user;address;Dirección;
esp;user;city;Ciudad;
esp;user;state;Provincia;
esp;user;country;País;
esp;user;zipcode;Código postal;
esp;user;status;Estado;
esp;user;role;Rol;
esp;user;profile_updated;Perfil actualizado correctamente;
esp;user;password_blank;Dejar en blanco si no deseas actualizar la contraseña.;
esp;user;admin_account_details;Detalles de la cuenta de administrador;
esp;user;import_users;Importar usuarios;
esp;user;ucontact;Es Ucontact;
esp;user;notes;Gestiones;
esp;user;is_sellers;Es vendedor;
esp;user;auditable_type;Tipo de auditoría;
esp;user;ucontact_user;Usuario Ucontact;
esp;user;ucontact_password;Contraseña Ucontact;
esp;user;id;Id;
esp;audit;user_id;Usuario;
esp;audit;deleted;Eliminado;
esp;audit;updated;Actualizado;
esp;audit;created;Creado;
esp;audit;auditable_id;Id auditable;
esp;audit;ip_address;Dirección IP;
esp;audit;date_time;Fecha y hora;
esp;audit;old_values;Valores antiguos;
esp;audit;new_values;Nuevos valores;
esp;audit;event;Event;
esp;audit;user;Usuario;
esp;audit;action;Acción;
esp;audit;auditable_type;Tipo auditable;
esp;audit;user_agent;Agente de usuario;
esp;audit;id;Id;
esp;salesman;add;Agregar nuevo vendedor;
esp;salesman;edit;Editar vendedor;
esp;salesman;created;Vendedor creado correctamente;
esp;salesman;updated;Vendedor actualizado correctamente;
esp;salesman;deleted;Vendedor eliminado correctamente;
esp;salesman;salesman_details;Detalles del vendedor;
esp;salesman;salesman;Vendedor;
esp;salesman;delete_message;¿Estás seguro de que deseas eliminar este vendedor?;
esp;salesman;selected_delete_message;¿Estás seguro de que deseas eliminar los vendedores seleccionados?;
esp;salesman;import_salesman;Importar vendedores;
esp;salesman;name;Nombre;
esp;salesman;created_at;Creado el;
esp;salesman;email;Correo electrónico;
esp;salesman;password;Contraseña;
esp;salesman;login_enabled;Inicio de sesión habilitado;
esp;salesman;profile_image;Imagen de perfil;
esp;salesman;phone;Teléfono;
esp;salesman;address;Dirección;
esp;salesman;city;Ciudad;
esp;salesman;state;Provincia;
esp;salesman;country;País;
esp;salesman;zipcode;Código postal;
esp;salesman;status;Estado;
esp;salesman;profile_updated;Perfil actualizado correctamente;
esp;salesman;password_blank;Dejar en blanco si no deseas actualizar la contraseña.;
esp;salesman;id;Id;
esp;role;add;Agregar nuevo rol;
esp;role;edit;Editar rol;
esp;role;created;Rol creado correctamente;
esp;role;updated;Rol actualizado correctamente;
esp;role;deleted;Rol eliminado correctamente;
esp;role;role_details;Detalles del rol;
esp;role;delete_message;¿Estás seguro de que deseas eliminar este rol?;
esp;role;selected_delete_message;¿Estás seguro de que deseas eliminar los roles seleccionados?;
esp;role;display_name;Nombre para mostrar;
esp;role;role_name;Nombre del rol;
esp;role;description;Descripción;
esp;role;user_management;Gestión de usuarios;
esp;role;permissions;Permisos;
esp;role;id;Id;
esp;notes;add;Agregar nueva gestión;
esp;notes;edit;Editar gestión;
esp;notes;created;Gestión creada correctamente;
esp;notes;updated;Gestión actualizada correctamente;
esp;notes;deleted;Gestión eliminada correctamente;
esp;notes;delete_message;¿Estás seguro de que deseas eliminar esta nota?;
esp;notes;added_on;Agregada el;
esp;notes;added_by;Agregada por;
esp;campaign;add;Agregar nuevo proyecto;
esp;campaign;edit;Editar proyecto;
esp;campaign;created;Proyecto creado correctamente;
esp;campaign;updated;Proyecto  actualizado  correctamente;
esp;campaign;deleted;proyecto eliminado correctamente;
esp;campaign;campaign_details;Detalles del proyecto;
esp;campaign;delete_message;¿Estás seguro de que deseas eliminar esta proyecto?;
esp;campaign;export_leads;¿Estás seguro de que deseas exportar los leads?;
esp;campaign;selected_delete_message;¿Estás seguro de que deseas eliminar los proyectos  seleccionadas?;
esp;campaign;exports;Leads exportados de la proyecto correctamente;
esp;campaign;campaign_view;Vista de proyecto;
esp;campaign;view_completed_campaigns;Ver proyectos  completados;
esp;campaign;progress;Progreso;
esp;campaign;active_campaign;proyecto activa;
esp;campaign;completed_campaign;proyecto completada;
esp;campaign;inactive_campaign;proyecto inactiva;
esp;campaign;view_all_campaigns;Ver todos los proyectos;
esp;campaign;name;Nombre;
esp;campaign;members;Miembros;
esp;campaign;allow_reference_prefix;Permitir prefijo de referencia;
esp;campaign;reference_prefix;Prefijo de referencia;
esp;campaign;basic_settings;Configuración básica;
esp;campaign;basic_settings_description;Configuración del proyecto;
esp;campaign;about_campaign;Acerca del proyecto;
esp;campaign;about_campaign_description;Detalles del proyecto;
esp;campaign;import_leads;Importar datos;
esp;campaign;import_leads_description;Leads/datos de proyecto;
esp;campaign;add_detail_field_description;Puedes crear campos de detalles de proyecto haciendo clic en el botón +Agregar campo de detalle;
esp;campaign;add_detail_field_error;Agrega nombre y valor de campo para cada registro para añadir nueva fila de detalles o pasar al siguiente paso.;
esp;campaign;next_step;Siguiente paso;
esp;campaign;previous_step;Paso anterior;
esp;campaign;field_name;Nombre del campo;
esp;campaign;field_value;Valor del campo;
esp;campaign;field_type;Tipo de campo;
esp;campaign;add_detail_field;Agregar campo de detalle;
esp;campaign;form;Formulario;
esp;campaign;total_leads;Leads totales;
esp;campaign;remaining_leads;Leads restantes;
esp;campaign;first_actioner;Primer gestor;
esp;campaign;last_actioner;Último gestor;
esp;campaign;started_on;Iniciada el;
esp;campaign;completed_on;Finalizada el;
esp;campaign;completed_by;Finalizada por;
esp;campaign;no_call_manager_data;No hay proyectos disponible para gestor de llamadas... Crea una para ver el gestor de llamadas;
esp;campaign;start;Iniciar;
esp;campaign;stop;Detener;
esp;campaign;start_and_new_lead;Iniciar y nuevo lead;
esp;campaign;new_lead;Nuevo lead;
esp;campaign;stop_campaign;Detener proyecto;
esp;campaign;campaign_stopped_successfully;Proyecto detenido correctamente;
esp;campaign;are_you_want_to_stop_campaign;¿Estás seguro de que deseas detener el proyecto? Al detenerla  todos los leads pendientes serán eliminados.;
esp;campaign;are_you_want_to_create_new_lead;¿Estás seguro de que deseas crear un nuevo lead para este proyecto?;
esp;campaign;new_lead_added;Nuevo lead agregado correctamente;
esp;campaign;save_exit;Guardar y salir;
esp;campaign;next_lead;Siguiente lead;
esp;campaign;previous_lead;Lead anterior;
esp;campaign;skip_lead;Omitir lead;
esp;campaign;resume;Reanudar;
esp;campaign;call_made;Contactos realizados;
esp;campaign;total_duration;Duración total;
esp;campaign;email_template;Plantilla de correo;
esp;campaign;all_columns;Todas las columnas;
esp;campaign;matched_columns;Columnas coincidentes;
esp;campaign;unmatched_columns;Columnas no coincidentes;
esp;campaign;column_will_not_imported;Esta columna no será importada;
esp;campaign;csv_header_field;Encabezado CSV;
esp;campaign;csv_field_data;Datos del campo;
esp;campaign;column_status;Estado de la columna;
esp;campaign;id;Id;
esp;campaign;lead_distribution_method;Método de distribución de leads;
esp;campaign;distribution_method;Método de distribución;
esp;campaign;random;Aleatorio;
esp;campaign;linear;Lineal;
esp;campaign;assigned_leads;Leads asignados;
esp;campaign;managed_leads;Leads gestionados;
esp;campaign;not_managed_leads;Leads no gestionados;
esp;campaign;managed_vs_total_leads;Leads gestionados/Leads totales;
esp;campaign;not_having_notes;Sin gestiones;
esp;campaign;having_notes;Con gestiones;
esp;campaign;message_provider;Proveedor de mensajes;
esp;campaign;message_template;Plantilla;
esp;campaign;recycling_campaigns;Reciclaje de proyectos;
esp;campaign;select_lead_type;Seleccionar tipo de lead;
esp;campaign;all_non_managed_leads;Todos los leads no gestionados;
esp;campaign;select_non_managed_leads;Seleccionar leads no gestionados;
esp;campaign;campaign;Proyecto;
esp;campaign;recucle_campaign_add;Proyecto reciclado correctamente;
esp;campaign;lead_type;Tipo de lead;
esp;campaign;date_time;Fecha y hora;
esp;campaign;is_schedule;Es programación;
esp;campaign;select_all_leads;Seleccionar todos los leads;
esp;campaign;records;Registros;
esp;campaign;created_at;Creado el;
esp;campaign;updated_at;Actualizado el;
esp;email_template;add;Agregar nueva plantilla de correo;
esp;email_template;edit;Editar plantilla de correo;
esp;email_template;created;Plantilla de correo creada correctamente;
esp;email_template;updated;Plantilla de correo actualizada correctamente;
esp;email_template;deleted;Plantilla de correo eliminada correctamente;
esp;email_template;email_template_details;Detalles de la plantilla de correo;
esp;email_template;delete_message;¿Estás seguro de que deseas eliminar esta plantilla de correo?;
esp;email_template;selected_delete_message;¿Estás seguro de que deseas eliminar las plantillas de correo seleccionadas?;
esp;email_template;name;Nombre;
esp;email_template;subject;Asunto;
esp;email_template;body;Cuerpo;
esp;email_template;message;Mensaje;
esp;email_template;status;Estado;
esp;email_template;sharable;Compartible;
esp;email_template;sharable_message;¿Esta plantilla se puede compartir con otros miembros del equipo?;
esp;email_template;status_update;Estado actualizado correctamente;
esp;email_template;mail_send_successfully;Correo enviado correctamente;
esp;email_template;mail_send_error_message;Contacta al administrador para configurar los ajustes de correo;
esp;email_template;id;Id;
esp;email_template;email_provider;Proveedor de correo;
esp;email_template;is_schedule;Está programado;
esp;email_template;date_time;Fecha y hora;
esp;message_template;add;Agregar nueva plantilla;
esp;message_template;edit;Editar plantilla;
esp;message_template;created;Plantilla creada correctamente;
esp;message_template;updated;Plantilla actualizada correctamente;
esp;message_template;deleted;Plantilla eliminada correctamente;
esp;message_template;email_template_details;Detalles de la plantilla;
esp;message_template;delete_message;¿Estás seguro de que deseas eliminar esta plantilla?;
esp;message_template;selected_delete_message;¿Estás seguro de que deseas eliminar las plantillas seleccionadas?;
esp;message_template;name;Nombre;
esp;message_template;subject;Asunto;
esp;message_template;body;Cuerpo;
esp;message_template;message;Mensaje;
esp;message_template;status;Estado;
esp;message_template;sharable;Compartible;
esp;message_template;sharable_message;¿Esta plantilla se puede compartir con otros miembros del equipo?;
esp;message_template;status_update;Estado actualizado correctamente;
esp;message_template;message_send_successfully;Mensaje enviado correctamente;
esp;message_template;message_send_error_message;Contacta al administrador para configurar los ajustes de mensajes;
esp;message_template;id;Id;
esp;message_template;code;Código;
esp;message_template;message_provider;Proveedor de mensajes;
esp;message_template;variables;Variables;
esp;message_template;enter_subvalues;Ingresar subvalores;
esp;email_provider;add;Agregar nuevo proveedor de correo;
esp;email_provider;edit;Editar proveedor de correo;
esp;email_provider;created;Proveedor de correo creado correctamente;
esp;email_provider;updated;Proveedor de correo actualizado correctamente;
esp;email_provider;deleted;Proveedor de correo eliminado correctamente;
esp;email_provider;delete_message;¿Estás seguro de que deseas eliminar este proveedor de correo?;
esp;email_provider;selected_delete_message;¿Estás seguro de que deseas eliminar los proveedores de correo seleccionados?;
esp;email_provider;name;Nombre;
esp;email_provider;auth_token;Token de autenticación;
esp;email_provider;subdomain;Subdominio;
esp;expense_category;add;Agregar nueva categoría de gasto;
esp;expense_category;edit;Editar categoría de gasto;
esp;expense_category;created;Categoría de gasto creada correctamente;
esp;expense_category;updated;Categoría de gasto actualizada correctamente;
esp;expense_category;deleted;Categoría de gasto eliminada correctamente;
esp;expense_category;delete_message;¿Estás seguro de que deseas eliminar esta categoría de gasto?;
esp;expense_category;selected_delete_message;¿Estás seguro de que deseas eliminar las categorías de gasto seleccionadas?;
esp;expense_category;expense_category_details;Detalles de la categoría de gasto;
esp;expense_category;name;Nombre de la categoría de gasto;
esp;expense_category;description;Descripción;
esp;expense_category;id;Id;
esp;lead_notes;notes_file;Archivo adjunto;
esp;lead_notes;parent_notes_typification;Tipificación principal;
esp;lead_notes;notes_typification_1;Nivel 1;
esp;lead_notes;notes_typification_2;Nivel 2;
esp;lead_notes;notes_typification_3;Nivel 3;
esp;lead_notes;notes_typification_4;Nivel 4;
esp;lead_notes;typification_1;Tipificación 1;
esp;lead_notes;typification_2;Tipificación 2;
esp;lead_notes;typification_3;Tipificación 3;
esp;lead_notes;typification_4;Tipificación 4;
esp;lead_notes;phone;Teléfono;
esp;lead_notes;message;Mensaje;
esp;lead_notes;date_time;Fecha y hora;
esp;lead_notes;message_provider;Proveedor de mensajes;
esp;lead_notes;sale;Venta;
esp;message_provider;add;Agregar nuevo proveedor de mensajes;
esp;message_provider;edit;Editar proveedor de mensajes;
esp;message_provider;created;Proveedor de mensajes creado correctamente;
esp;message_provider;updated;Proveedor de mensajes actualizado correctamente;
esp;message_provider;deleted;Proveedor de mensajes eliminado correctamente;
esp;message_provider;delete_message;¿Estás seguro de que deseas eliminar este proveedor de mensajes?;
esp;message_provider;selected_delete_message;¿Estás seguro de que deseas eliminar los proveedores de mensajes seleccionados?;
esp;message_provider;name;Nombre;
esp;message_provider;source;Fuente;
esp;message_provider;auth_token;Token de autenticación;
esp;message_provider;campaign;Proyecto;
esp;message_provider;subdomain;Subdominio;
esp;expense;add;Agregar nuevo gasto;
esp;expense;edit;Editar gasto;
esp;expense;created;Gasto creado correctamente;
esp;expense;updated;Gasto actualizado correctamente;
esp;expense;deleted;Gasto eliminado correctamente;
esp;expense;delete_message;¿Estás seguro de que deseas eliminar este gasto?;
esp;expense;selected_delete_message;¿Estás seguro de que deseas eliminar los gastos seleccionados?;
esp;expense;details;Detalles del gasto;
esp;expense;expense_category;Categoría de gasto;
esp;expense;date;Fecha;
esp;expense;amount;Monto;
esp;expense;bill;Factura del gasto;
esp;expense;user;Usuario;
esp;expense;created_by_user;Usuario;
esp;expense;notes;Gestiones;
esp;expense;id;Id;
esp;password_setting;updated;Configuración de contraseña actualizada correctamente;
esp;password_setting;password_expiration;Vencimiento de contraseña;
esp;password_setting;login_failed_attempts;Intentos fallidos de inicio de sesión;
esp;password_setting;last_used_passwords;Últimas contraseñas usadas;
esp;password_setting;disable_inactive_user;Deshabilitar usuario inactivo;
esp;password_setting;password_formats;Formatos de contraseña;
esp;password_setting;lower_case;Minúscula;
esp;password_setting;upper_case;Mayúscula;
esp;password_setting;special_character;Carácter especial;
esp;password_setting;number;Número;
esp;password_setting;password_length;Longitud de la contraseña;
esp;password_setting;id;Id;
esp;staff_member;add;Agregar nuevo miembro del personal;
esp;staff_member;edit;Editar miembro del personal;
esp;staff_member;created;Miembro del personal creado correctamente;
esp;staff_member;updated;Miembro del personal actualizado correctamente;
esp;staff_member;deleted;Miembro del personal eliminado correctamente;
esp;staff_member;staff_member_details;Detalles del miembro del personal;
esp;staff_member;staff_member;Miembro del personal;
esp;staff_member;delete_message;¿Estás seguro de que deseas eliminar este miembro del personal?;
esp;staff_member;selected_delete_message;¿Estás seguro de que deseas eliminar los miembros del personal seleccionados?;
esp;staff_member;import_staff_members;Importar miembros del personal;
esp;staff_member;id;Id;
esp;product;add;Agregar nuevo producto;
esp;product;edit;Editar producto;
esp;product;created;Producto creado correctamente;
esp;product;updated;Producto actualizado correctamente;
esp;product;deleted;Producto eliminado correctamente;
esp;product;delete_message;¿Estás seguro de que deseas eliminar este producto?;
esp;product;selected_delete_message;¿Estás seguro de que deseas eliminar los productos seleccionados?;
esp;product;details;Detalles del producto;
esp;product;name;Nombre;
esp;product;product_type;Tipo de producto;
esp;product;price;Precio;
esp;product;image;Logo;
esp;product;tax_rate;Tasa de impuesto;
esp;product;coverage;Cobertura;
esp;product;tax_label;Etiqueta de impuesto;
esp;product;internal_code;Código interno;
esp;product;category;Categoría;
esp;product;import_products;Importar productos;
esp;product;description;Descripción;
esp;product;campaign;Proyecto;
esp;product;id;Id;
esp;category;add;Agregar nueva categoría;
esp;category;edit;Editar categoría;
esp;category;created;Categoría creada correctamente;
esp;category;updated;Categoría actualizada correctamente;
esp;category;deleted;Categoría eliminada correctamente;
esp;category;delete_message;¿Estás seguro de que deseas eliminar esta categoría?;
esp;category;selected_delete_message;¿Estás seguro de que deseas eliminar las categorías seleccionadas?;
esp;category;details;Detalles de la categoría;
esp;category;name;Nombre;
esp;category;id;Id;
esp;form;add;Agregar nuevo formulario;
esp;form;edit;Editar formulario;
esp;form;created;Formulario creado correctamente;
esp;form;updated;Formulario actualizado correctamente;
esp;form;deleted;Formulario eliminado correctamente;
esp;form;form_details;Detalles del formulario;
esp;form;delete_message;¿Estás seguro de que deseas eliminar este formulario?;
esp;form;selected_delete_message;¿Estás seguro de que deseas eliminar los formularios seleccionados?;
esp;form;form;Formulario;
esp;form;name;Nombre;
esp;form;status;Estado;
esp;form;form_fields;Campos del formulario;
esp;form;add_form_field;Agregar campo al formulario;
esp;form;field_name;Nombre del campo;
esp;form;status_update;Estado actualizado correctamente;
esp;form;id;Id;
esp;lead_status;add;Agregar nuevo estado del lead;
esp;lead_status;edit;Editar estado del lead;
esp;lead_status;created;Estado del lead creado correctamente;
esp;lead_status;updated;Estado del lead actualizado correctamente;
esp;lead_status;deleted;Estado del lead eliminado correctamente;
esp;lead_status;lead_status_details;Detalles del estado del lead;
esp;lead_status;delete_message;¿Estás seguro de que deseas eliminar este estado del lead?;
esp;lead_status;selected_delete_message;¿Estás seguro de que deseas eliminar los estados del lead seleccionados?;
esp;lead_status;name;Nombre;
esp;lead_status;color;Color;
esp;lead_status;id;Id;
esp;lead_status;type;Tipo;
esp;form_field_name;add;Agregar nuevo campo de la tabla de leads;
esp;form_field_name;edit;Editar campo de la tabla de leads;
esp;form_field_name;created;Campo de la tabla de leads creado correctamente;
esp;form_field_name;updated;Campo de la tabla de leads actualizado correctamente;
esp;form_field_name;deleted;Campo de la tabla de leads eliminado correctamente;
esp;form_field_name;form_field_name_details;Detalles del campo de la tabla de leads;
esp;form_field_name;delete_message;¿Estás seguro de que deseas eliminar este campo de la tabla?;
esp;form_field_name;selected_delete_message;¿Estás seguro de que deseas eliminar los campos de la tabla seleccionados?;
esp;form_field_name;field_name;Nombre del campo;
esp;form_field_name;similar_field_names;Nombres de campos similares;
esp;form_field_name;visible;Visible;
esp;form_field_name;add_field;Agregar campo;
esp;form_field_name;status_update;Estado actualizado correctamente;
esp;form_field_name;id;Id;
esp;lead;add;Agregar nuevo lead;
esp;lead;edit;Editar lead;
esp;lead;created;Lead creado correctamente;
esp;lead;updated;Lead actualizado correctamente;
esp;lead;deleted;Lead eliminado correctamente;
esp;lead;lead_details;Detalles del lead;
esp;lead;delete_message;¿Estás seguro de que deseas eliminar este lead?;
esp;lead;reference_number;Número de referencia;
esp;lead;campaign;Nombre del proyecto;
esp;lead;view_lead_details;Ver detalles del lead;
esp;lead;edit_lead;Editar lead;
esp;lead;go_resume_call;Ir y reanudar llamada;
esp;lead;delete_lead;Eliminar lead;
esp;lead;search_by;Buscar por;
esp;lead;search_lead;Buscar lead;
esp;lead;search_value;Valor de búsqueda;
esp;lead;actioner;Gestor;
esp;lead;call_by;Llamado por;
esp;lead;called_on;Llamado el;
esp;lead;call_duration;Duración de la llamada;
esp;lead;lead_data;Datos del lead;
esp;lead;booking_time;Hora de reserva;
esp;lead;added_by;Agregado por;
esp;lead;added_on;Agregado el;
esp;lead;lead_status;Estado del lead;
esp;lead;interested;Interesado;
esp;lead;not_interested;No interesado;
esp;lead;unreachable;Inalcanzable;
esp;lead;lead_number;Número de lead;
esp;lead;started;Gestionado;
esp;lead;not_started;No gestionado;
esp;lead;are_you_want_to_resume_this_lead;¿Estás seguro de que deseas reanudar este lead?;
esp;lead;are_you_want_go_to_next_lead;¿Estás seguro de que deseas ir al siguiente lead?;
esp;lead;are_you_want_go_to_previous_lead;¿Estás seguro de que deseas ir al lead anterior?;
esp;lead;are_you_want_go_to_save_exit;¿Estás seguro de que deseas guardar y salir del lead?;
esp;lead;email_timeline_message;Correo enviado por {0} el {1};
esp;lead;call_log_timeline_message;Nuevo contacto de {0} el {1};
esp;lead;notes_timeline_message;Nuevas gestiones agregadas por {0} el {1};
esp;lead;lead_history;Historial del lead;
esp;lead;no_lead_exists;No existe lead;
esp;lead;no_lead_exist_message;No existe ningún lead... Selecciona una opción abajo;
esp;lead;skip_or_delete;Omitir o eliminar;
esp;lead;skip_delete_message;Puedes omitir o eliminar el lead actual. Selecciona una opción abajo...;
esp;lead;skip_and_delete;Omitir y eliminar;
esp;lead;skip_delete_confirm_message;¿Estás seguro de que deseas eliminar este lead?... esta acción no se puede deshacer.;
esp;lead;lead_skiped_successflly;Lead omitido correctamente;
esp;lead;skip_delete_success_message;Lead omitido y eliminado correctamente;
esp;lead;come_back_confirm_message;¿Estás seguro de que deseas omitir este lead...?;
esp;lead;combe_back_later;Volver más tarde;
esp;lead;you_are_on_next_lead;Estás en el siguiente lead;
esp;lead;you_are_on_previous_lead;Estás en el lead anterior;
esp;lead;send_email;Enviar correo;
esp;lead;id;Id;
esp;lead;lead_uphone_details;Detalles del lead Uphone;
esp;lead;total_notes;Total de gestiones;
esp;lead;campaign_user;Usuario del proyecto;
esp;lead;assign_users;Asignar usuarios;
esp;lead;user_assign_success;Usuario actualizado correctamente;
esp;lead;assign_to;Asignar a;
esp;lead;send_message;Enviar mensaje;
esp;lead;make_call;Realizar llamada;
esp;lead;call_made_successfully;Contacto realizado correctamente;
esp;lead;campaign_name;Nombre del proyecto;
esp;lead;name;Nombre;
esp;lead;email;Correo electrónico;
esp;lead;country_code;Código de país;
esp;lead;phone_number;Número de teléfono;
esp;lead;document;Documento;
esp;lead;first_last_name;Primer apellido;
esp;lead;second_last_name;Segundo apellido;
esp;lead;marital_status;Estado civil;
esp;lead;children;Hijos;
esp;lead;date_birth;Fecha de nacimiento;
esp;lead;nationality;Nacionalidad;
esp;lead;phone;Teléfono;
esp;lead;province;Provincia;
esp;lead;canton;Cantón;
esp;lead;district;Distrito;
esp;lead;auto_save;Guardado automático;
esp;lead;proyect;Proyecto;
esp;lead;agent;Agente;
esp;lead;not_found;No se encontraron registros;
esp;lead;age;Edad;
esp;lead;single;Soltero/a;
esp;lead;married;Casado/a;
esp;lead;widower;Viudo/a;
esp;lead;divorced;Divorciado/a;
esp;lead;separate;Separado/a;
esp;lead;base_name;Nombre base;
esp;lead;card;Tarjeta;
esp;lead;product;Producto;
esp;lead;coverage;Cobertura;
esp;lead;beneficiaries;Beneficiarios seguros;
esp;lead;beneficiaries_asist;Beneficiarios asistencia;
esp;lead;beneficiary_percentage;Porcentaje del beneficiario;
esp;lead;number_beneficiaries;Número de beneficiarios;
esp;lead;product_quantity;Cantidad;
esp;lead;total_amount;Monto total;
esp;lead;price;Precio;
esp;lead;internal_code;Código interno;
esp;lead;mfisico;Miembro físico;
esp;lead;beneficiary_information;Información beneficiarios seguros;
esp;lead;beneficiary_asist_information;Información beneficiarios asistencia;
esp;lead;percentage;Porcentaje;
esp;lead_log;lead_id;Lead;
esp;lead_log;user_id;Usuario;
esp;lead_log;started_on;Iniciado el;
esp;lead_log;time_taken;Tiempo tomado;
esp;lead_log;date_time;Fecha y hora;
esp;lead_log;booking_status;Estado de reserva;
esp;lead_log;notes;Gestiones;
esp;lead_log;phone;Teléfono;
esp;lead_log;message;Mensaje;
esp;lead_log;email;Correo electrónico;
esp;lead_follow_up;add;Agregar nuevo seguimiento;
esp;lead_follow_up;edit;Editar seguimiento;
esp;lead_follow_up;created;Seguimiento creado correctamente;
esp;lead_follow_up;updated;Seguimiento actualizado correctamente;
esp;lead_follow_up;deleted;Seguimiento eliminado correctamente;
esp;lead_follow_up;delete_message;¿Estás seguro de que deseas eliminar este seguimiento?;
esp;lead_follow_up;selected_delete_message;¿Estás seguro de que deseas eliminar los seguimientos seleccionados?;
esp;lead_follow_up;follow_up;Seguimiento;
esp;lead_follow_up;follow_up_by;Seguimiento por;
esp;lead_follow_up;follow_up_time;Hora del seguimiento;
esp;lead_follow_up;start_follow_up;Iniciar seguimiento;
esp;lead_follow_up;start_follow_up_message;¿Estás seguro de que deseas iniciar este seguimiento del lead...?;
esp;lead_follow_up;follow_up_timeline_message;Seguimiento agregado por {0} para el miembro del personal {1} para {2};
esp;lead_follow_up;delete_follow_up;Eliminar seguimiento;
esp;lead_follow_up;delete_follow_up_message;¿Estás seguro de que deseas eliminar este seguimiento?;
esp;lead_follow_up;id;Id;
esp;uphone_calls;uphone_calls_details;Detalles de llamadas Uphone;
esp;uphone_calls;lead_id;Id del lead;
esp;uphone_calls;campaign_id;Id del proyecto;
esp;uphone_calls;campaign;Proyecto;
esp;uphone_calls;follow_up_time;Hora de seguimiento;
esp;uphone_calls;client_id;Id del cliente;
esp;uphone_calls;date;Fecha;
esp;uphone_calls;direction;Dirección;
esp;uphone_calls;duration;Duración;
esp;uphone_calls;guid;GUID;
esp;uphone_calls;discriptions;Descripciones;
esp;uphone_calls;number;Número;
esp;uphone_calls;response_data;Datos de respuesta;
esp;uphone_calls;reference_number;Número de referencia;
esp;uphone_calls;lead;Lead;
esp;uphone_calls;uphone_calls;Llamadas Uphone;
esp;notes_typification;add;Agregar nueva tipificación;
esp;notes_typification;edit;Editar tipificación;
esp;notes_typification;created;Tipificación creada correctamente;
esp;notes_typification;updated;Tipificación actualizada correctamente;
esp;notes_typification;deleted;Tipificación eliminada correctamente;
esp;notes_typification;delete_message;¿Estás seguro de que deseas eliminar esta tipificación?;
esp;notes_typification;selected_delete_message;¿Estás seguro de que deseas eliminar las tipificaciones seleccionadas?;
esp;notes_typification;parent_id;Tipificación padre;
esp;notes_typification;name;Nombre;
esp;notes_typification;add_multiple_typification;Agregar múltiples tipificaciones;
esp;notes_typification;typification_add;Tipificación agregada correctamente;
esp;notes_typification;search_by_name;Buscar por nombre...;
esp;notes_typification;import_notes_typification;Importar tipificación;
esp;notes_typification;search_your_name;Busca tu nombre...;
esp;salesman_booking;add;Agregar nueva reserva de vendedor;
esp;salesman_booking;edit;Editar reserva de vendedor;
esp;salesman_booking;created;Reserva de vendedor creada correctamente;
esp;salesman_booking;updated;Reserva de vendedor actualizada correctamente;
esp;salesman_booking;deleted;Reserva de vendedor eliminada correctamente;
esp;salesman_booking;delete_message;¿Estás seguro de que deseas eliminar esta reserva de vendedor?;
esp;salesman_booking;selected_delete_message;¿Estás seguro de que deseas eliminar las reservas de vendedor seleccionadas?;
esp;salesman_booking;salesman_booking;Reserva de vendedor;
esp;salesman_booking;salesman_bookings_by;Reserva de vendedor por;
esp;salesman_booking;salesman_bookings_time;Hora de reserva del vendedor;
esp;salesman_booking;salesman_bookings_timeline_message;Reserva agregada por {0} para el vendedor {1} para {2};
esp;salesman_booking;delete_salesman_booking;Eliminar reserva de vendedor;
esp;salesman_booking;delete_salesman_booking_message;¿Estás seguro de que deseas eliminar esta reserva de vendedor?;
esp;salesman_booking;you_are_not_last_actioner;Creamaste esta reserva pero no eres el último en accionar este lead...;
esp;salesman_booking;id;Id;
esp;company;add;Agregar nueva empresa;
esp;company;edit;Editar empresa;
esp;company;created;Empresa creada correctamente;
esp;company;updated;Empresa actualizada correctamente;
esp;company;deleted;Empresa eliminada correctamente;
esp;company;currency_details;Detalles de la empresa;
esp;company;delete_message;¿Estás seguro de que deseas eliminar esta empresa?;
esp;company;name;Nombre de la empresa;
esp;company;short_name;Nombre corto de la empresa;
esp;company;email;Correo de la empresa;
esp;company;phone;Teléfono de la empresa;
esp;company;address;Dirección de la empresa;
esp;company;currency;Moneda;
esp;company;logo;Logo de la empresa;
esp;company;left_sidebar_theme;Tema de barra lateral izquierda;
esp;company;dark;Oscuro;
esp;company;light;Claro;
esp;company;dark_logo;Logo oscuro;
esp;company;light_logo;Logo claro;
esp;company;small_dark_logo;Logo oscuro pequeño;
esp;company;small_light_logo;Logo claro pequeño;
esp;company;primary_color;Color primario;
esp;company;default_timezone;Huso horario predeterminado;
esp;company;date_format;Formato de fecha;
esp;company;time_format;Formato de hora;
esp;company;auto_detect_timezone;Detectar huso horario automáticamente;
esp;company;app_debug;Depuración de la app;
esp;company;login_image;Imagen de inicio de sesión;
esp;company;layout;Diseño;
esp;company;rtl;Derecha a izquierda (RTL);
esp;company;ltr;Izquierda a derecha (LTR);
esp;company;shortcut_menu_Placement;Agregar ubicación del menú;
esp;company;top_and_bottom;Arriba y abajo;
esp;company;top_header;Encabezado superior;
esp;company;bottom_corner;Esquina inferior;
esp;company;shortcut_menu_setting;Agregar configuración del menú;
esp;company;menu_setting_updated;Configuración del menú actualizada;
esp;company;basic_details;Detalles básicos;
esp;company;details;Detalles;
esp;company;register_date;Fecha de registro;
esp;company;total_users;Usuarios totales;
esp;company;update_app_notification;Actualizar notificación de la app;
esp;company;language;Idioma;
esp;company;login_card_color;Color de la tarjeta de inicio de sesión;
esp;currency;add;Agregar nueva moneda;
esp;currency;edit;Editar moneda;
esp;currency;created;Moneda creada correctamente;
esp;currency;updated;Moneda actualizada correctamente;
esp;currency;deleted;Moneda eliminada correctamente;
esp;currency;currency_details;Detalles de la moneda;
esp;currency;delete_message;¿Estás seguro de que deseas eliminar esta moneda?;
esp;currency;selected_delete_message;¿Estás seguro de que deseas eliminar las monedas seleccionadas?;
esp;currency;name;Nombre de la moneda;
esp;currency;symbol;Símbolo de moneda;
esp;currency;position;Posición de moneda;
esp;currency;front;Frente;
esp;currency;front_position_example;Ejemplo: $100;
esp;currency;behind;Detrás;
esp;currency;behind_position_example;Ejemplo: 100$;
esp;currency;code;Código de moneda;
esp;currency;id;Id;
esp;module;name;Nombre del módulo;
esp;module;verified;Verificado;
esp;module;verify_purchase_code;Verificar código de compra;
esp;module;current_version;Versión actual;
esp;module;latest_version;Última versión;
esp;module;status;Estado;
esp;module;installed_modules;Módulos instalados;
esp;module;other_modules;Otros módulos;
esp;module;module_status_updated;Estado de los módulos actualizado;
esp;module;downloading_completed;Descarga completada;
esp;module;extract_zip_file;Extraer archivo ZIP;
esp;module;file_extracted;Archivo ZIP extraído;
esp;langs;add;Agregar nuevo idioma;
esp;langs;edit;Editar idioma;
esp;langs;details;Detalles del idioma;
esp;langs;created;Idioma creado correctamente;
esp;langs;updated;Idioma actualizado correctamente;
esp;langs;deleted;Idioma eliminado correctamente;
esp;langs;delete_message;¿Estás seguro de que deseas eliminar este idioma?;
esp;langs;view_all_langs;Ver todos los idiomas;
esp;langs;status_updated;Estado del idioma actualizado;
esp;langs;name;Nombre;
esp;langs;key;Clave;
esp;langs;flag;Bandera;
esp;langs;enabled;Habilitado;
esp;langs;id;Id;
esp;translations;fetch_new_translations;Obtener nuevas traducciones;
esp;translations;reload_translations;Recargar traducciones;
esp;translations;reload_successfully;Traducciones recargadas correctamente;
esp;translations;fetched_successfully;Traducciones obtenidas correctamente;
esp;translations;import_translations;Importar traducciones;
esp;translations;id;Id;
esp;storage_settings;updated;Configuraciones de almacenamiento actualizadas;
esp;storage_settings;storage;Almacenamiento;
esp;storage_settings;local;Local;
esp;storage_settings;aws;Almacenamiento AWS S3;
esp;storage_settings;aws_key;Clave AWS;
esp;storage_settings;aws_secret;Secreto AWS;
esp;storage_settings;aws_region;Región AWS;
esp;storage_settings;aws_bucket;Bucket de AWS;
esp;storage_settings;id;Id;
esp;mail_settings;updated;Configuraciones de correo actualizadas;
esp;mail_settings;mail_driver;Controlador de correo;
esp;mail_settings;none;Ninguno;
esp;mail_settings;mail;Correo;
esp;mail_settings;smtp;SMTP;
esp;mail_settings;from_name;Nombre del remitente;
esp;mail_settings;from_email;Correo del remitente;
esp;mail_settings;host;Servidor;
esp;mail_settings;port;Puerto;
esp;mail_settings;encryption;Cifrado;
esp;mail_settings;username;Nombre de usuario;
esp;mail_settings;password;Contraseña;
esp;mail_settings;send_test_mail;Enviar correo de prueba;
esp;mail_settings;send_mail_setting_saved;Configuración de correo guardada;
esp;mail_settings;enable_mail_queue;Habilitar cola de correos;
esp;mail_settings;send_mail_for;Enviar correo para;
esp;mail_settings;email;Dirección de correo a la que desea enviar el correo de prueba;
esp;mail_settings;test_mail_sent_successfully;Correo de prueba enviado exitosamente;
esp;mail_settings;notificaiton_will_be_sent_to_company;Se enviará una notificación al correo de la empresa;
esp;database_backup;file;Archivo;
esp;database_backup;file_size;Tamaño del archivo;
esp;database_backup;generate_backup;Generar respaldo;
esp;database_backup;delete_backup;Eliminar respaldo;
esp;database_backup;backup_generated_successfully;Respaldo generado exitosamente;
esp;database_backup;are_you_sure_generate_backup;¿Está seguro de que desea generar un respaldo de la base de datos?;
esp;database_backup;are_you_sure_delete_backup;¿Está seguro de que desea eliminar este respaldo de la base de datos?;
esp;database_backup;backup_locaion_is;Todos los archivos generados de respaldo de base de datos se almacenarán en storage/app/public/backup.;
esp;database_backup;settings;Configurar comandos;
esp;database_backup;backup_command_setting;Configuración de comando de respaldo;
esp;database_backup;mysqldump_command_path;Ruta del comando mysqldump;
esp;database_backup;command_updated;Comando actualizado correctamente;
esp;database_backup;window_command_path;Si usas XAMPP  la ruta será => C:\xampp\mysql\bin\mysqldump.exe;
esp;database_backup;laragon_command_path;Si usas Laragon  la ruta será => C:\laragon\bin\mysql\mysql-5.7.24-winx64\bin\mysqldump.exe;
esp;database_backup;linux_command_path;Si estás en Ubuntu o Mac  ejecuta el siguiente comando e ingresa el resultado => which mysqldump;
esp;database_backup;put_dump_path_command_on_env_file;Encuentra la ruta de tu mysqldump y agrégala en DUMP_PATH dentro del archivo .env;
esp;update_app;app_details;Detalles de la aplicación;
esp;update_app;name;Nombre;
esp;update_app;value;Valor;
esp;update_app;php_version;Versión de PHP;
esp;update_app;app_version;Versión de la aplicación;
esp;update_app;laravel_version;Versión de Laravel;
esp;update_app;mysql_version;Versión de MySQL;
esp;update_app.vue_version;Versión de Vue;;
esp;update_app;update_app;Actualizar aplicación;
esp;update_app;update_now;Actualizar ahora;
esp;update_app;update_available;Actualización disponible;
esp;update_app;verify_again;Verificar de nuevo;
esp;update_app;verify_failed;Verificación fallida; 
esp;update_app;verify_failed_message;Tu aplicación no está registrada con nosotros. Por favor verifícala;
esp;update_app;verified_with_other_domain;Tu código de compra está registrado con otro dominio. Por favor  verifica tu código de compra;
esp;messages;leave_blank_to_create_notes_typification;Dejar en blanco para crear una tipificación;
esp;messages;something_went_wrong;Algo salió mal. Por favor contacta al administrador.;
esp;messages;verify_success;Verificación exitosa. Redirigiendo a la aplicación...;
esp;messages;login_success;Inicio de sesión exitoso. Redirigiendo a la aplicación...;
esp;messages;login_success_dashboard;Iniciaste sesión exitosamente en la aplicación.;
esp;messages;click_here_to_find_purchase_code;Haz clic aquí para encontrar tu código de compra;
esp;messages;verification_successfull;Verificación completada exitosamente;
esp;messages;other_domain_linked;Otro dominio vinculado;
esp;messages;other_domain_linked_with_purchase_code;Ya hay otro dominio vinculado con tu código de compra. Ingresa tu código para más detalles...;
esp;messages;first_verify_module_message;Para habilitar  verifica este módulo;
esp;messages;are_you_sure_install_message;¿Estás seguro de que deseas instalar?;
esp;messages;downloading_started_message;Descarga iniciada. Por favor espera...;
esp;messages;file_extracting_message;Extrayendo archivo. Por favor espera...;
esp;messages;installation_success;Instalación exitosa. Haz clic aquí para recargar la página...;
esp;messages;are_you_sure_update_message;¿Estás seguro de que deseas actualizar? Realiza un respaldo antes de continuar.;
esp;messages;stmp_success_message;Tus configuraciones SMTP son correctas.;
esp;messages;stmp_error_message;Tus configuraciones SMTP son incorrectas. Por favor actualízalas para poder enviar correos.;
esp;messages;uploading_failed;Error al subir archivo;
esp;messages;loading_app_message;Por favor espera... estamos preparando algo increíble para ti;
esp;messages;fetching_product_details;Obteniendo detalles del producto. Por favor espera...;
esp;messages;product_is_upto_date;Estás usando la última versión de la aplicación.;
esp;messages;new_app_version_avaialbe;Hay una nueva versión de la app disponible ({0}). Actualiza para obtener la versión más reciente.;
esp;messages;not_able_to_edit_order;Solo se puede editar el estado del pedido. Otros campos no pueden editarse porque este pedido está vinculado a uno o más pagos. Elimina esos pagos e inténtalo de nuevo.;
esp;messages;click_here_to_download_sample_file;Haz clic aquí para descargar un archivo CSV de muestra;
esp;messages;imported_successfully;Importado exitosamente;
esp;messages;company_admin_password_message;El administrador iniciará sesión usando esta contraseña. (Deja en blanco para mantener la contraseña actual);
esp;messages;email_setting_not_configured;Configuración de correo no configurada;
esp;messages;please_configure_email_settings;Por favor configura los ajustes de correo para enviar correos. Haz clic aquí para configurarlos.;
esp;popover;auto_detect_timezone;Permitir detección automática de zona horaria desde el navegador para el usuario actualmente conectado.;
esp;popover;click_here_to_copy_credentials;Haz clic aquí para copiar las credenciales de {0};
esp;topbar_add_button;add_staff_member;Agregar Miembro del Personal;
esp;topbar_add_button;add_currency;Agregar Moneda;
esp;topbar_add_button;add_language;Agregar Idioma;
esp;topbar_add_button;add_role;Agregar Rol;
esp;setup_company;setup_not_completed;Configuración no completada;
esp;setup_company;setup_not_completed_description;La configuración predeterminada de tu empresa no está completa. Sigue los pasos a continuación para completarla...;
esp;setup_company;currency;Moneda;
esp;setup_company;add_first_currency;Agregar Primera Moneda;
esp;setup_company;company_settings;Configuración de la Empresa;
esp;setup_company;set_company_basic_settings;Configurar Ajustes Básicos de la Empresa;
esp;setup_company;previous_step;Paso Anterior;
esp;setup_company;next_step;Siguiente Paso;
esp;setup_company;basic_settings;Ajustes Básicos;
esp;setup_company;theme_settings;Ajustes de Tema;
esp;setup_company;logo_settings;Ajustes de Logo;
esp;setup_company;save_finish_setup;Guardar y Finalizar Configuración;
esp;setup_company;go_to_dashboard;Ir al Panel Principal;
esp;setup_company;setup_running_message;Por favor espera... estamos configurando los ajustes iniciales de la empresa.;
esp;setup_company;setup_complete_message;Configuración completada... Haz clic en el enlace a continuación para ver tu aplicación...;
esp;dashboard;sales_quantity;Cantidad de ventas;
esp;dashboard;sales_amount;Monto de ventas;
esp;dashboard;sales_user;Ventas por teleoperador;
esp;dashboard;user;Teleoperador;
esp;dashboard;quantity;Cantidad;
esp;dashboard;amount;Monto Total;
esp;dashboard;total_calls;Total de contactos;
esp;lead_notes;canceled;Cancelada;
esp;lead_notes;effective;Efectiva;
esp;notes;delete;Eliminar gestión;
esp;campaign;imported_leads;Datos importados;
esp;menu;templates;Templates;
esp;message_template;critical_variable;Variable crítica;
esp;message_template;critical_not_variable;Variable no crítica;
esp;message_template;maximum_grade;Peso máximo;
esp;message_template;maximum_grade_exceded;La sumatoria del peso debe ser igual a 100;
esp;message_template;actions;Acciones;
esp;message_template;states;Estados;
esp;message_template;reasons_cancellation;Motivos de cancelación;
esp;menu;actions;Acciones;
esp;menu;reasons_cancellation;Motivos de cancelación;
esp;common;updated;Actualizado exitosamente;
esp;common;deleted;Eliminado correctamente;
esp;common;created;Creado correctamente;
esp;message_template;reason;Motivo;
esp;common;delete_message;¿Estás seguro de que deseas eliminar?;
esp;common;selected_delete_message;¿Estás seguro de que deseas eliminar los items seleccionados?;
esp;common;template;Template;
esp;campaign;no_template;El proyecto no cuenta con plantilla de calidad asignada o la plantilla de calidad se encuentra desactivada o sin variables de calificación.;
esp;common;qualification;Calificación;
esp;message_template;not_made;No realizó;
esp;message_template;minute;Minuto;
esp;message_template;maximum_percentage_exceded;La sumatoria del porcentaje debe ser igual o menor 100;
esp;common;closing_sale;Cierre de venta;
esp;common;certified;Certificada;
esp;common;certified_recall;Rellamada certificada;
esp;common;recall;Rellamada;
esp;common;cancelled_quality;Cancelada por calidad;
esp;common;cancelled_supervision;Cancelada por supervisión;
esp;common;reassigned;Reasignada;
esp;common;comments;Comentarios;
esp;common;policy;Poliza;
esp;common;saved_correctly;Guardado correctamente;
esp;common;call_certificate;Certificado de llamada;
esp;common;not_notifications;No notifications;
esp;common;mark_read;Marcar todas como leídas;
esp;common;add_notification;Agregar notificación;
esp;common;addressed_to;Dirigido a;
esp;common;minimum_product;Minimo un producto;
esp;common;export_leads_active;Exportar leads trabajados;
esp;common;export_leads_inactive;Exportar leads no trabajados;
esp;common;closed_by;Cerrada por;
esp;common;closures;Cierres;
esp;common;improvement_options;Opciones de mejora;
esp;common;non_editable_quality;Está evaluacion no se encuentra en el tiempo hábil para ser editada;
esp;common;scheduled;Agenda;
esp;common;next_contact;Próximo contacto;
esp;message_template;updated_variables;Variables actualizadas;
